Pair,Count,Folder1,Folder2
"('/Users/arunpatro/My Drive/IIT - KGP/Acads/Semester 5/Power Electronics Lab/Lab Record', '/Users/arunpatro/My Drive/IIT - KGP/Acads/Semester 5/Power Electronics Lab/NED mohan_PE/lab record')",46,/Users/arunpatro/My Drive/IIT - KGP/Acads/Semester 5/Power Electronics Lab/Lab Record,/Users/arunpatro/My Drive/IIT - KGP/Acads/Semester 5/Power Electronics Lab/NED mohan_PE/lab record
"('/Users/arunpatro/My Drive/IIT - KGP/Acads/Semester 5/Power EC/Vinit Chugh Pre Midsems', '/Users/arunpatro/My Drive/IIT - KGP/Acads/Semester 5/Power EC/Vinit Chugh Pre Midsems')",116,/Users/arunpatro/My Drive/IIT - KGP/Acads/Semester 5/Power EC/Vinit Chugh Pre Midsems,/Users/arunpatro/My Drive/IIT - KGP/Acads/Semester 5/Power EC/Vinit Chugh Pre Midsems
"('/Users/arunpatro/My Drive/Google Photos/2017', '/Users/arunpatro/My Drive/IIT - KGP/Acads/Instru Lab Expts/expt_6_photos')",39,/Users/arunpatro/My Drive/Google Photos/2017,/Users/arunpatro/My Drive/IIT - KGP/Acads/Instru Lab Expts/expt_6_photos
"('/Users/arunpatro/My Drive/IIT - KGP/Acads/BTP/btp/results/backs', '/Users/arunpatro/My Drive/IIT - KGP/Acads/BTP/btp/results/shankar-2')",38,/Users/arunpatro/My Drive/IIT - KGP/Acads/BTP/btp/results/backs,/Users/arunpatro/My Drive/IIT - KGP/Acads/BTP/btp/results/shankar-2
"('/Users/arunpatro/My Drive/IIT - KGP/Acads/Semester 5/Controls/Control Systems Tutorials', '/Users/arunpatro/My Drive/IIT - KGP/Acads/Semester 5/Controls/Tuts')",9,/Users/arunpatro/My Drive/IIT - KGP/Acads/Semester 5/Controls/Control Systems Tutorials,/Users/arunpatro/My Drive/IIT - KGP/Acads/Semester 5/Controls/Tuts
"('/Users/arunpatro/My Drive/Backup/Dropbox/Camera Uploads', '/Users/arunpatro/My Drive/Backup/Dropbox/Camera Uploads')",19,/Users/arunpatro/My Drive/Backup/Dropbox/Camera Uploads,/Users/arunpatro/My Drive/Backup/Dropbox/Camera Uploads
"('/Users/arunpatro/My Drive/IIT - KGP/Acads/Semester 5/Power EC/Power EC NPTEL', '/Users/arunpatro/My Drive/IIT - KGP/Acads/Semester 5/Power Electronics Lab/Power EC NPTEL')",44,/Users/arunpatro/My Drive/IIT - KGP/Acads/Semester 5/Power EC/Power EC NPTEL,/Users/arunpatro/My Drive/IIT - KGP/Acads/Semester 5/Power Electronics Lab/Power EC NPTEL
"('/Users/arunpatro/My Drive/IIT - KGP/Acads/Semester 5/Power EC', '/Users/arunpatro/My Drive/IIT - KGP/Acads/Semester 5/Power EC')",3,/Users/arunpatro/My Drive/IIT - KGP/Acads/Semester 5/Power EC,/Users/arunpatro/My Drive/IIT - KGP/Acads/Semester 5/Power EC
"('/Users/arunpatro/My Drive/Certificates', '/Users/arunpatro/My Drive/Personal Photos')",1,/Users/arunpatro/My Drive/Certificates,/Users/arunpatro/My Drive/Personal Photos
"('/Users/arunpatro/My Drive/IIT - KGP/Acads/Semester 6/Power Systems/lectures', '/Users/arunpatro/My Drive/IIT - KGP/Acads/Semester 6/Power Systems/slides')",12,/Users/arunpatro/My Drive/IIT - KGP/Acads/Semester 6/Power Systems/lectures,/Users/arunpatro/My Drive/IIT - KGP/Acads/Semester 6/Power Systems/slides
"('/Users/arunpatro/My Drive/IIT - KGP/Acads/Semester 5/Power Electronics Lab/Power EC NPTEL', '/Users/arunpatro/My Drive/IIT - KGP/Acads/Semester 5/Power Electronics Lab/Power EC NPTEL')",1,/Users/arunpatro/My Drive/IIT - KGP/Acads/Semester 5/Power Electronics Lab/Power EC NPTEL,/Users/arunpatro/My Drive/IIT - KGP/Acads/Semester 5/Power Electronics Lab/Power EC NPTEL
"('/Users/arunpatro/My Drive/IIT - KGP/Acads/Semester 5/Power EC/Power EC NPTEL', '/Users/arunpatro/My Drive/IIT - KGP/Acads/Semester 5/Power EC/Power EC NPTEL')",2,/Users/arunpatro/My Drive/IIT - KGP/Acads/Semester 5/Power EC/Power EC NPTEL,/Users/arunpatro/My Drive/IIT - KGP/Acads/Semester 5/Power EC/Power EC NPTEL
"('/Users/arunpatro/My Drive/IIT - KGP/Acads/Semester 5/Power EC/Regulators Umanand', '/Users/arunpatro/My Drive/IIT - KGP/Acads/Semester 5/Power EC/Regulators Umanand')",28,/Users/arunpatro/My Drive/IIT - KGP/Acads/Semester 5/Power EC/Regulators Umanand,/Users/arunpatro/My Drive/IIT - KGP/Acads/Semester 5/Power EC/Regulators Umanand
"('/Users/arunpatro/My Drive/IIT - KGP/Acads/Semester 5/Power Electronics Lab/Readings + Graphs + Docs/3 PE Components/Traces/3', '/Users/arunpatro/My Drive/IIT - KGP/Acads/Semester 5/Power Electronics Lab/Readings + Graphs + Docs/3 PE Components/Traces/4')",8,/Users/arunpatro/My Drive/IIT - KGP/Acads/Semester 5/Power Electronics Lab/Readings + Graphs + Docs/3 PE Components/Traces/3,/Users/arunpatro/My Drive/IIT - KGP/Acads/Semester 5/Power Electronics Lab/Readings + Graphs + Docs/3 PE Components/Traces/4
"('/Users/arunpatro/My Drive/IIT - KGP/Acads/BTP/btp/30quant/.git/refs/heads', '/Users/arunpatro/My Drive/IIT - KGP/Acads/BTP/btp/30quant/.git/refs/remotes/origin')",1,/Users/arunpatro/My Drive/IIT - KGP/Acads/BTP/btp/30quant/.git/refs/heads,/Users/arunpatro/My Drive/IIT - KGP/Acads/BTP/btp/30quant/.git/refs/remotes/origin
"('/Users/arunpatro/My Drive/IIT - KGP/Acads/Semester 5/Power Electronics Lab/Readings + Graphs + Docs/3 PE Components/Traces/1', '/Users/arunpatro/My Drive/IIT - KGP/Acads/Semester 5/Power Electronics Lab/Readings + Graphs + Docs/3 PE Components/Traces/2')",7,/Users/arunpatro/My Drive/IIT - KGP/Acads/Semester 5/Power Electronics Lab/Readings + Graphs + Docs/3 PE Components/Traces/1,/Users/arunpatro/My Drive/IIT - KGP/Acads/Semester 5/Power Electronics Lab/Readings + Graphs + Docs/3 PE Components/Traces/2
"('/Users/arunpatro/My Drive/IIT - KGP/Acads/Semester 5/Power Electronics Lab/Readings + Graphs + Docs/3 PE Components/Traces', '/Users/arunpatro/My Drive/IIT - KGP/Acads/Semester 5/Power Electronics Lab/Readings + Graphs + Docs/3 PE Components/Traces/2')",7,/Users/arunpatro/My Drive/IIT - KGP/Acads/Semester 5/Power Electronics Lab/Readings + Graphs + Docs/3 PE Components/Traces,/Users/arunpatro/My Drive/IIT - KGP/Acads/Semester 5/Power Electronics Lab/Readings + Graphs + Docs/3 PE Components/Traces/2
"('/Users/arunpatro/My Drive/IIT - KGP/Acads/Semester 5/Power Electronics Lab/Readings + Graphs + Docs/3 PE Components/Traces', '/Users/arunpatro/My Drive/IIT - KGP/Acads/Semester 5/Power Electronics Lab/Readings + Graphs + Docs/3 PE Components/Traces/1')",7,/Users/arunpatro/My Drive/IIT - KGP/Acads/Semester 5/Power Electronics Lab/Readings + Graphs + Docs/3 PE Components/Traces,/Users/arunpatro/My Drive/IIT - KGP/Acads/Semester 5/Power Electronics Lab/Readings + Graphs + Docs/3 PE Components/Traces/1
"('/Users/arunpatro/My Drive/IIT - KGP/Acads/Semester 5/Power Electronics Lab/Readings + Graphs + Docs/2 Three-Phase Thyristor Converter/Tue E2++/e2', '/Users/arunpatro/My Drive/IIT - KGP/Acads/Semester 5/Power Electronics Lab/Readings + Graphs + Docs/2 Three-Phase Thyristor Converter/Tue E2++/e2')",1,/Users/arunpatro/My Drive/IIT - KGP/Acads/Semester 5/Power Electronics Lab/Readings + Graphs + Docs/2 Three-Phase Thyristor Converter/Tue E2++/e2,/Users/arunpatro/My Drive/IIT - KGP/Acads/Semester 5/Power Electronics Lab/Readings + Graphs + Docs/2 Three-Phase Thyristor Converter/Tue E2++/e2
"('/Users/arunpatro/My Drive/Meesho', '/Users/arunpatro/My Drive/Taxes/India')",1,/Users/arunpatro/My Drive/Meesho,/Users/arunpatro/My Drive/Taxes/India
"('/Users/arunpatro/My Drive/IIT - KGP/Acads/BTP', '/Users/arunpatro/My Drive/IIT - KGP/Acads/BTP')",3,/Users/arunpatro/My Drive/IIT - KGP/Acads/BTP,/Users/arunpatro/My Drive/IIT - KGP/Acads/BTP
"('/Users/arunpatro/My Drive/IIT - KGP/Acads/Semester 6/ProbStoc', '/Users/arunpatro/My Drive/IIT - KGP/Acads/Semester 6/ProbStoc/prob assgnmnts')",3,/Users/arunpatro/My Drive/IIT - KGP/Acads/Semester 6/ProbStoc,/Users/arunpatro/My Drive/IIT - KGP/Acads/Semester 6/ProbStoc/prob assgnmnts
"('/Users/arunpatro/My Drive/IIT - KGP/Acads/Semester 5/Power Electronics Lab/Readings + Graphs + Docs/3 PE Components/Traces', '/Users/arunpatro/My Drive/IIT - KGP/Acads/Semester 5/Power Electronics Lab/Readings + Graphs + Docs/3 PE Components/Traces/3')",12,/Users/arunpatro/My Drive/IIT - KGP/Acads/Semester 5/Power Electronics Lab/Readings + Graphs + Docs/3 PE Components/Traces,/Users/arunpatro/My Drive/IIT - KGP/Acads/Semester 5/Power Electronics Lab/Readings + Graphs + Docs/3 PE Components/Traces/3
"('/Users/arunpatro/My Drive/IIT - KGP/Acads/BTP/btp/results/bsd_natural', '/Users/arunpatro/My Drive/IIT - KGP/Acads/BTP/btp/results/bsd_natural_2')",5,/Users/arunpatro/My Drive/IIT - KGP/Acads/BTP/btp/results/bsd_natural,/Users/arunpatro/My Drive/IIT - KGP/Acads/BTP/btp/results/bsd_natural_2
"('/Users/arunpatro/My Drive/IIT - KGP/Acads/Semester 5/Power Electronics Lab/power-electronics', '/Users/arunpatro/My Drive/IIT - KGP/Acads/Semester 5/Power Electronics Lab/power-electronics/Power Electronics')",2,/Users/arunpatro/My Drive/IIT - KGP/Acads/Semester 5/Power Electronics Lab/power-electronics,/Users/arunpatro/My Drive/IIT - KGP/Acads/Semester 5/Power Electronics Lab/power-electronics/Power Electronics
"('/Users/arunpatro/My Drive/IIT - KGP/Acads/Semester 5/Power Electronics Lab/Readings + Graphs + Docs/2 Three-Phase Thyristor Converter/Tue E2++/e1/ALL0016', '/Users/arunpatro/My Drive/IIT - KGP/Acads/Semester 5/Power Electronics Lab/Readings + Graphs + Docs/2 Three-Phase Thyristor Converter/Tue E2++/e1/ALL0017')",1,/Users/arunpatro/My Drive/IIT - KGP/Acads/Semester 5/Power Electronics Lab/Readings + Graphs + Docs/2 Three-Phase Thyristor Converter/Tue E2++/e1/ALL0016,/Users/arunpatro/My Drive/IIT - KGP/Acads/Semester 5/Power Electronics Lab/Readings + Graphs + Docs/2 Three-Phase Thyristor Converter/Tue E2++/e1/ALL0017
"('/Users/arunpatro/My Drive/IIT - KGP/Semester 8', '/Users/arunpatro/My Drive/Internships/2017-Myntra')",1,/Users/arunpatro/My Drive/IIT - KGP/Semester 8,/Users/arunpatro/My Drive/Internships/2017-Myntra
"(""/Users/arunpatro/My Drive/Arun's Photos on iPhone"", '/Users/arunpatro/My Drive/IIT - KGP/Semester 8')",1,/Users/arunpatro/My Drive/Arun's Photos on iPhone,/Users/arunpatro/My Drive/IIT - KGP/Semester 8
"('/Users/arunpatro/My Drive/IIT - KGP/Acads/Semester 6/ProbStoc/prob notes end sem', '/Users/arunpatro/My Drive/IIT - KGP/Semester 8')",1,/Users/arunpatro/My Drive/IIT - KGP/Acads/Semester 6/ProbStoc/prob notes end sem,/Users/arunpatro/My Drive/IIT - KGP/Semester 8
"('/Users/arunpatro/My Drive/Finances', '/Users/arunpatro/My Drive/IIT - KGP/Semester 8')",1,/Users/arunpatro/My Drive/Finances,/Users/arunpatro/My Drive/IIT - KGP/Semester 8
"('/Users/arunpatro/My Drive/Certificates', '/Users/arunpatro/My Drive/IIT - KGP/Semester 8')",1,/Users/arunpatro/My Drive/Certificates,/Users/arunpatro/My Drive/IIT - KGP/Semester 8
"('/Users/arunpatro/My Drive/IIT - KGP/Acads/Semester 6/Power Systems/Power World', '/Users/arunpatro/My Drive/IIT - KGP/Semester 8')",1,/Users/arunpatro/My Drive/IIT - KGP/Acads/Semester 6/Power Systems/Power World,/Users/arunpatro/My Drive/IIT - KGP/Semester 8
"('/Users/arunpatro/My Drive/IIT - KGP/Acads/Semester 6/Power Systems/Shivang Notes', '/Users/arunpatro/My Drive/IIT - KGP/Semester 8')",1,/Users/arunpatro/My Drive/IIT - KGP/Acads/Semester 6/Power Systems/Shivang Notes,/Users/arunpatro/My Drive/IIT - KGP/Semester 8
"(""/Users/arunpatro/My Drive/Arun's Photos on iPhone"", '/Users/arunpatro/My Drive/Internships/2017-Myntra')",1,/Users/arunpatro/My Drive/Arun's Photos on iPhone,/Users/arunpatro/My Drive/Internships/2017-Myntra
"('/Users/arunpatro/My Drive/IIT - KGP/Acads/Semester 6/ProbStoc/prob notes end sem', '/Users/arunpatro/My Drive/Internships/2017-Myntra')",1,/Users/arunpatro/My Drive/IIT - KGP/Acads/Semester 6/ProbStoc/prob notes end sem,/Users/arunpatro/My Drive/Internships/2017-Myntra
"('/Users/arunpatro/My Drive/Finances', '/Users/arunpatro/My Drive/Internships/2017-Myntra')",1,/Users/arunpatro/My Drive/Finances,/Users/arunpatro/My Drive/Internships/2017-Myntra
"('/Users/arunpatro/My Drive/Certificates', '/Users/arunpatro/My Drive/Internships/2017-Myntra')",1,/Users/arunpatro/My Drive/Certificates,/Users/arunpatro/My Drive/Internships/2017-Myntra
"('/Users/arunpatro/My Drive/IIT - KGP/Acads/Semester 6/Power Systems/Power World', '/Users/arunpatro/My Drive/Internships/2017-Myntra')",1,/Users/arunpatro/My Drive/IIT - KGP/Acads/Semester 6/Power Systems/Power World,/Users/arunpatro/My Drive/Internships/2017-Myntra
"('/Users/arunpatro/My Drive/IIT - KGP/Acads/Semester 6/Power Systems/Shivang Notes', '/Users/arunpatro/My Drive/Internships/2017-Myntra')",1,/Users/arunpatro/My Drive/IIT - KGP/Acads/Semester 6/Power Systems/Shivang Notes,/Users/arunpatro/My Drive/Internships/2017-Myntra
"(""/Users/arunpatro/My Drive/Arun's Photos on iPhone"", '/Users/arunpatro/My Drive/IIT - KGP/Acads/Semester 6/ProbStoc/prob notes end sem')",1,/Users/arunpatro/My Drive/Arun's Photos on iPhone,/Users/arunpatro/My Drive/IIT - KGP/Acads/Semester 6/ProbStoc/prob notes end sem
"(""/Users/arunpatro/My Drive/Arun's Photos on iPhone"", '/Users/arunpatro/My Drive/Finances')",1,/Users/arunpatro/My Drive/Arun's Photos on iPhone,/Users/arunpatro/My Drive/Finances
"(""/Users/arunpatro/My Drive/Arun's Photos on iPhone"", '/Users/arunpatro/My Drive/Certificates')",1,/Users/arunpatro/My Drive/Arun's Photos on iPhone,/Users/arunpatro/My Drive/Certificates
"(""/Users/arunpatro/My Drive/Arun's Photos on iPhone"", '/Users/arunpatro/My Drive/IIT - KGP/Acads/Semester 6/Power Systems/Power World')",1,/Users/arunpatro/My Drive/Arun's Photos on iPhone,/Users/arunpatro/My Drive/IIT - KGP/Acads/Semester 6/Power Systems/Power World
"(""/Users/arunpatro/My Drive/Arun's Photos on iPhone"", '/Users/arunpatro/My Drive/IIT - KGP/Acads/Semester 6/Power Systems/Shivang Notes')",1,/Users/arunpatro/My Drive/Arun's Photos on iPhone,/Users/arunpatro/My Drive/IIT - KGP/Acads/Semester 6/Power Systems/Shivang Notes
"('/Users/arunpatro/My Drive/Finances', '/Users/arunpatro/My Drive/IIT - KGP/Acads/Semester 6/ProbStoc/prob notes end sem')",1,/Users/arunpatro/My Drive/Finances,/Users/arunpatro/My Drive/IIT - KGP/Acads/Semester 6/ProbStoc/prob notes end sem
"('/Users/arunpatro/My Drive/Certificates', '/Users/arunpatro/My Drive/IIT - KGP/Acads/Semester 6/ProbStoc/prob notes end sem')",1,/Users/arunpatro/My Drive/Certificates,/Users/arunpatro/My Drive/IIT - KGP/Acads/Semester 6/ProbStoc/prob notes end sem
"('/Users/arunpatro/My Drive/IIT - KGP/Acads/Semester 6/Power Systems/Power World', '/Users/arunpatro/My Drive/IIT - KGP/Acads/Semester 6/ProbStoc/prob notes end sem')",1,/Users/arunpatro/My Drive/IIT - KGP/Acads/Semester 6/Power Systems/Power World,/Users/arunpatro/My Drive/IIT - KGP/Acads/Semester 6/ProbStoc/prob notes end sem
"('/Users/arunpatro/My Drive/IIT - KGP/Acads/Semester 6/Power Systems/Shivang Notes', '/Users/arunpatro/My Drive/IIT - KGP/Acads/Semester 6/ProbStoc/prob notes end sem')",1,/Users/arunpatro/My Drive/IIT - KGP/Acads/Semester 6/Power Systems/Shivang Notes,/Users/arunpatro/My Drive/IIT - KGP/Acads/Semester 6/ProbStoc/prob notes end sem
"('/Users/arunpatro/My Drive/Certificates', '/Users/arunpatro/My Drive/Finances')",1,/Users/arunpatro/My Drive/Certificates,/Users/arunpatro/My Drive/Finances
"('/Users/arunpatro/My Drive/Finances', '/Users/arunpatro/My Drive/IIT - KGP/Acads/Semester 6/Power Systems/Power World')",1,/Users/arunpatro/My Drive/Finances,/Users/arunpatro/My Drive/IIT - KGP/Acads/Semester 6/Power Systems/Power World
"('/Users/arunpatro/My Drive/Finances', '/Users/arunpatro/My Drive/IIT - KGP/Acads/Semester 6/Power Systems/Shivang Notes')",1,/Users/arunpatro/My Drive/Finances,/Users/arunpatro/My Drive/IIT - KGP/Acads/Semester 6/Power Systems/Shivang Notes
"('/Users/arunpatro/My Drive/Certificates', '/Users/arunpatro/My Drive/IIT - KGP/Acads/Semester 6/Power Systems/Power World')",1,/Users/arunpatro/My Drive/Certificates,/Users/arunpatro/My Drive/IIT - KGP/Acads/Semester 6/Power Systems/Power World
"('/Users/arunpatro/My Drive/Certificates', '/Users/arunpatro/My Drive/IIT - KGP/Acads/Semester 6/Power Systems/Shivang Notes')",1,/Users/arunpatro/My Drive/Certificates,/Users/arunpatro/My Drive/IIT - KGP/Acads/Semester 6/Power Systems/Shivang Notes
"('/Users/arunpatro/My Drive/IIT - KGP/Acads/Semester 6/Power Systems/Power World', '/Users/arunpatro/My Drive/IIT - KGP/Acads/Semester 6/Power Systems/Shivang Notes')",1,/Users/arunpatro/My Drive/IIT - KGP/Acads/Semester 6/Power Systems/Power World,/Users/arunpatro/My Drive/IIT - KGP/Acads/Semester 6/Power Systems/Shivang Notes
"('/Users/arunpatro/My Drive/IIT - KGP/Acads/Semester 5/Power Electronics Lab/Lab Manual', '/Users/arunpatro/My Drive/IIT - KGP/Acads/Semester 5/Power Electronics Lab/Lab Record/Lab Manual')",12,/Users/arunpatro/My Drive/IIT - KGP/Acads/Semester 5/Power Electronics Lab/Lab Manual,/Users/arunpatro/My Drive/IIT - KGP/Acads/Semester 5/Power Electronics Lab/Lab Record/Lab Manual
"('/Users/arunpatro/My Drive/IIT - KGP/Acads/Semester 5/Quantum/Quantum Computing', '/Users/arunpatro/My Drive/IIT - KGP/Acads/Semester 5/Quantum/Quantum Computing')",5,/Users/arunpatro/My Drive/IIT - KGP/Acads/Semester 5/Quantum/Quantum Computing,/Users/arunpatro/My Drive/IIT - KGP/Acads/Semester 5/Quantum/Quantum Computing
"('/Users/arunpatro/My Drive/IIT - KGP/Acads/Semester 5/Controls/Notes', '/Users/arunpatro/My Drive/IIT - KGP/Acads/Semester 5/Controls/Notes')",4,/Users/arunpatro/My Drive/IIT - KGP/Acads/Semester 5/Controls/Notes,/Users/arunpatro/My Drive/IIT - KGP/Acads/Semester 5/Controls/Notes
"('/Users/arunpatro/My Drive/IIT - KGP/Acads/Semester 5/Power Electronics Lab/Lab Record/Readings + Graphs + Docs/7 DC Motor Control', '/Users/arunpatro/My Drive/IIT - KGP/Acads/Semester 5/Power Electronics Lab/Readings + Graphs + Docs/7 DC Motor Control')",3,/Users/arunpatro/My Drive/IIT - KGP/Acads/Semester 5/Power Electronics Lab/Lab Record/Readings + Graphs + Docs/7 DC Motor Control,/Users/arunpatro/My Drive/IIT - KGP/Acads/Semester 5/Power Electronics Lab/Readings + Graphs + Docs/7 DC Motor Control
"('/Users/arunpatro/My Drive/IIT - KGP/Acads/Semester 5/Power Electronics Lab/Readings + Graphs + Docs/3 PE Components/Traces', '/Users/arunpatro/My Drive/IIT - KGP/Acads/Semester 5/Power Electronics Lab/Readings + Graphs + Docs/3 PE Components/Traces/4')",5,/Users/arunpatro/My Drive/IIT - KGP/Acads/Semester 5/Power Electronics Lab/Readings + Graphs + Docs/3 PE Components/Traces,/Users/arunpatro/My Drive/IIT - KGP/Acads/Semester 5/Power Electronics Lab/Readings + Graphs + Docs/3 PE Components/Traces/4
"('/Users/arunpatro/My Drive/Backup/Dropbox/Camera Uploads', '/Users/arunpatro/My Drive/Photos')",2,/Users/arunpatro/My Drive/Backup/Dropbox/Camera Uploads,/Users/arunpatro/My Drive/Photos
"('/Users/arunpatro/My Drive/IIT - KGP/Acads/Semester 5/Power Electronics Lab/power-electronics/Power Electronics/Power Tut', '/Users/arunpatro/My Drive/IIT - KGP/Acads/Semester 5/Power Electronics Lab/power-electronics/Power Electronics/Power Tut')",1,/Users/arunpatro/My Drive/IIT - KGP/Acads/Semester 5/Power Electronics Lab/power-electronics/Power Electronics/Power Tut,/Users/arunpatro/My Drive/IIT - KGP/Acads/Semester 5/Power Electronics Lab/power-electronics/Power Electronics/Power Tut
"('/Users/arunpatro/My Drive/Certificates', '/Users/arunpatro/My Drive/IIT - KGP/IIT Requirements')",2,/Users/arunpatro/My Drive/Certificates,/Users/arunpatro/My Drive/IIT - KGP/IIT Requirements
"('/Users/arunpatro/My Drive/IIT - KGP/Acads/Semester 5/Power Electronics Lab/Readings + Graphs + Docs/2 Three-Phase Thyristor Converter/Tue E2++/e1', '/Users/arunpatro/My Drive/IIT - KGP/Acads/Semester 5/Power Electronics Lab/Readings + Graphs + Docs/2 Three-Phase Thyristor Converter/Tue E2++/e1')",1,/Users/arunpatro/My Drive/IIT - KGP/Acads/Semester 5/Power Electronics Lab/Readings + Graphs + Docs/2 Three-Phase Thyristor Converter/Tue E2++/e1,/Users/arunpatro/My Drive/IIT - KGP/Acads/Semester 5/Power Electronics Lab/Readings + Graphs + Docs/2 Three-Phase Thyristor Converter/Tue E2++/e1
"('/Users/arunpatro/My Drive/Books', '/Users/arunpatro/My Drive/Japanese')",1,/Users/arunpatro/My Drive/Books,/Users/arunpatro/My Drive/Japanese
"('/Users/arunpatro/My Drive/IIT - KGP/Acads/Semester 5/Power Electronics Lab/Readings + Graphs + Docs/4 DC Choppers', '/Users/arunpatro/My Drive/IIT - KGP/Acads/Semester 5/Power Electronics Lab/Readings + Graphs + Docs/4 DC Choppers')",2,/Users/arunpatro/My Drive/IIT - KGP/Acads/Semester 5/Power Electronics Lab/Readings + Graphs + Docs/4 DC Choppers,/Users/arunpatro/My Drive/IIT - KGP/Acads/Semester 5/Power Electronics Lab/Readings + Graphs + Docs/4 DC Choppers
"('/Users/arunpatro/My Drive/IIT - KGP/Acads/Semester 5/Quantum', '/Users/arunpatro/My Drive/IIT - KGP/Acads/Semester 5/Quantum')",2,/Users/arunpatro/My Drive/IIT - KGP/Acads/Semester 5/Quantum,/Users/arunpatro/My Drive/IIT - KGP/Acads/Semester 5/Quantum
"('/Users/arunpatro/My Drive/IIT - KGP/Acads/Semester 2/Physics/PHYSICS', '/Users/arunpatro/My Drive/IIT - KGP/Acads/Semester 5/Quantum')",2,/Users/arunpatro/My Drive/IIT - KGP/Acads/Semester 2/Physics/PHYSICS,/Users/arunpatro/My Drive/IIT - KGP/Acads/Semester 5/Quantum
"('/Users/arunpatro/My Drive/Google Photos/2015', '/Users/arunpatro/My Drive/IIT - KGP/Acads/Semester 5/Quantum/3D + Quantum')",22,/Users/arunpatro/My Drive/Google Photos/2015,/Users/arunpatro/My Drive/IIT - KGP/Acads/Semester 5/Quantum/3D + Quantum
"('/Users/arunpatro/My Drive/IIT - KGP/Acads/Semester 5/Quantum/3D + Quantum', '/Users/arunpatro/My Drive/IIT - KGP/Acads/Semester 5/Quantum/3D + Quantum')",11,/Users/arunpatro/My Drive/IIT - KGP/Acads/Semester 5/Quantum/3D + Quantum,/Users/arunpatro/My Drive/IIT - KGP/Acads/Semester 5/Quantum/3D + Quantum
"('/Users/arunpatro/My Drive/Certificates', '/Users/arunpatro/My Drive/Google Photos/2017')",1,/Users/arunpatro/My Drive/Certificates,/Users/arunpatro/My Drive/Google Photos/2017
"('/Users/arunpatro/My Drive/IIT - KGP/Acads/Semester 5/Quantum/Tuts', '/Users/arunpatro/My Drive/IIT - KGP/Acads/Semester 5/Quantum/Tuts')",6,/Users/arunpatro/My Drive/IIT - KGP/Acads/Semester 5/Quantum/Tuts,/Users/arunpatro/My Drive/IIT - KGP/Acads/Semester 5/Quantum/Tuts
"('/Users/arunpatro/My Drive/IIT - KGP/Acads/Semester 8/08-Copyright Law/Copyright Law (files shared by Matilal sir)', '/Users/arunpatro/My Drive/IIT - KGP/Acads/Semester 8/08-Copyright Law/Copyright Law Case Law')",1,/Users/arunpatro/My Drive/IIT - KGP/Acads/Semester 8/08-Copyright Law/Copyright Law (files shared by Matilal sir),/Users/arunpatro/My Drive/IIT - KGP/Acads/Semester 8/08-Copyright Law/Copyright Law Case Law
"('/Users/arunpatro/My Drive/Books', '/Users/arunpatro/My Drive/Books/Controls')",1,/Users/arunpatro/My Drive/Books,/Users/arunpatro/My Drive/Books/Controls
"('/Users/arunpatro/My Drive/Backup/Dropbox/alivehomes/tiny', '/Users/arunpatro/My Drive/Backup/Dropbox/alivehomes/tiny')",1,/Users/arunpatro/My Drive/Backup/Dropbox/alivehomes/tiny,/Users/arunpatro/My Drive/Backup/Dropbox/alivehomes/tiny
"('/Users/arunpatro/My Drive/IIT - KGP/Acads/BTP/btp/30quant', '/Users/arunpatro/My Drive/IIT - KGP/Acads/BTP/btp/30quant/cuda')",1,/Users/arunpatro/My Drive/IIT - KGP/Acads/BTP/btp/30quant,/Users/arunpatro/My Drive/IIT - KGP/Acads/BTP/btp/30quant/cuda
"('/Users/arunpatro/My Drive/IIT - KGP/Acads/Semester 6/ES LAB/verilog', '/Users/arunpatro/My Drive/IIT - KGP/Acads/Semester 6/ES LAB/verilog/counter')",1,/Users/arunpatro/My Drive/IIT - KGP/Acads/Semester 6/ES LAB/verilog,/Users/arunpatro/My Drive/IIT - KGP/Acads/Semester 6/ES LAB/verilog/counter
"('/Users/arunpatro/My Drive/Books/Physics', '/Users/arunpatro/My Drive/IIT - KGP/Acads/Semester 5/Quantum')",1,/Users/arunpatro/My Drive/Books/Physics,/Users/arunpatro/My Drive/IIT - KGP/Acads/Semester 5/Quantum
"('/Users/arunpatro/My Drive/Google Photos/2015', ""/Users/arunpatro/My Drive/Photos/Year's end coffee"")",3,/Users/arunpatro/My Drive/Google Photos/2015,/Users/arunpatro/My Drive/Photos/Year's end coffee
"('/Users/arunpatro/My Drive/Google Photos/2018', '/Users/arunpatro/My Drive/Google Photos/2018')",1,/Users/arunpatro/My Drive/Google Photos/2018,/Users/arunpatro/My Drive/Google Photos/2018
"('/Users/arunpatro/My Drive/IIT - KGP/Acads/Semester 8/08-Realt Time Signal Processing', '/Users/arunpatro/My Drive/IIT - KGP/Acads/Semester 8/08-Realt Time Signal Processing')",1,/Users/arunpatro/My Drive/IIT - KGP/Acads/Semester 8/08-Realt Time Signal Processing,/Users/arunpatro/My Drive/IIT - KGP/Acads/Semester 8/08-Realt Time Signal Processing
"('/Users/arunpatro/My Drive/IIT - KGP/Acads/MTP/MTP Literature', '/Users/arunpatro/My Drive/Myntra/pdfs/papers')",4,/Users/arunpatro/My Drive/IIT - KGP/Acads/MTP/MTP Literature,/Users/arunpatro/My Drive/Myntra/pdfs/papers
"('/Users/arunpatro/My Drive/IIT - KGP/Acads/Semester 5/Power Electronics Lab/Lab Record/Readings + Graphs + Docs/5 PWM Non-PWM Inverter', '/Users/arunpatro/My Drive/IIT - KGP/Acads/Semester 5/Power Electronics Lab/Readings + Graphs + Docs/5 PWM Non-PWM Inverter')",6,/Users/arunpatro/My Drive/IIT - KGP/Acads/Semester 5/Power Electronics Lab/Lab Record/Readings + Graphs + Docs/5 PWM Non-PWM Inverter,/Users/arunpatro/My Drive/IIT - KGP/Acads/Semester 5/Power Electronics Lab/Readings + Graphs + Docs/5 PWM Non-PWM Inverter
"('/Users/arunpatro/My Drive/IIT - KGP/Acads/BTP/btp/30quant/.git/logs', '/Users/arunpatro/My Drive/IIT - KGP/Acads/BTP/btp/30quant/.git/logs/refs/heads')",1,/Users/arunpatro/My Drive/IIT - KGP/Acads/BTP/btp/30quant/.git/logs,/Users/arunpatro/My Drive/IIT - KGP/Acads/BTP/btp/30quant/.git/logs/refs/heads
"('/Users/arunpatro/My Drive/IIT - KGP/Acads/Semester 5/Power EC/Papers', '/Users/arunpatro/My Drive/IIT - KGP/Acads/Semester 5/Power Electronics Lab/power-electronics/Power Electronics/Power Tut')",2,/Users/arunpatro/My Drive/IIT - KGP/Acads/Semester 5/Power EC/Papers,/Users/arunpatro/My Drive/IIT - KGP/Acads/Semester 5/Power Electronics Lab/power-electronics/Power Electronics/Power Tut
"('/Users/arunpatro/My Drive/Books/calvin&hobbes', '/Users/arunpatro/My Drive/Books/calvin&hobbes')",1,/Users/arunpatro/My Drive/Books/calvin&hobbes,/Users/arunpatro/My Drive/Books/calvin&hobbes
"('/Users/arunpatro/My Drive/Books', '/Users/arunpatro/My Drive/Books/Power EC')",4,/Users/arunpatro/My Drive/Books,/Users/arunpatro/My Drive/Books/Power EC
"('/Users/arunpatro/My Drive/IIT - KGP/Acads/MTP/master thesis', '/Users/arunpatro/My Drive/IIT - KGP/Acads/MTP/master thesis')",1,/Users/arunpatro/My Drive/IIT - KGP/Acads/MTP/master thesis,/Users/arunpatro/My Drive/IIT - KGP/Acads/MTP/master thesis
"('/Users/arunpatro/My Drive/ARCHIVE/SOP Samples from Raunak', '/Users/arunpatro/My Drive/Graduate School Applications')",1,/Users/arunpatro/My Drive/ARCHIVE/SOP Samples from Raunak,/Users/arunpatro/My Drive/Graduate School Applications
"('/Users/arunpatro/My Drive/Backup/Dropbox/alivehomes/tiny/test', '/Users/arunpatro/My Drive/Backup/Dropbox/alivehomes/tiny/test')",1,/Users/arunpatro/My Drive/Backup/Dropbox/alivehomes/tiny/test,/Users/arunpatro/My Drive/Backup/Dropbox/alivehomes/tiny/test
"('/Users/arunpatro/My Drive/Books', '/Users/arunpatro/My Drive/Myntra/pdfs')",1,/Users/arunpatro/My Drive/Books,/Users/arunpatro/My Drive/Myntra/pdfs
"('/Users/arunpatro/My Drive/IIT - KGP/Acads/Semester 5/Power Electronics Lab/Lab Manual', '/Users/arunpatro/My Drive/IIT - KGP/Acads/Semester 5/Power Electronics Lab/Lab Manual')",1,/Users/arunpatro/My Drive/IIT - KGP/Acads/Semester 5/Power Electronics Lab/Lab Manual,/Users/arunpatro/My Drive/IIT - KGP/Acads/Semester 5/Power Electronics Lab/Lab Manual
"('/Users/arunpatro/My Drive/Books', '/Users/arunpatro/My Drive/Books')",2,/Users/arunpatro/My Drive/Books,/Users/arunpatro/My Drive/Books
"('/Users/arunpatro/My Drive/Myntra/pdfs/papers', '/Users/arunpatro/My Drive/Myntra/pdfs/papers')",2,/Users/arunpatro/My Drive/Myntra/pdfs/papers,/Users/arunpatro/My Drive/Myntra/pdfs/papers
"('/Users/arunpatro/My Drive/Books - 2', '/Users/arunpatro/My Drive/Books - 2')",1,/Users/arunpatro/My Drive/Books - 2,/Users/arunpatro/My Drive/Books - 2
"('/Users/arunpatro/My Drive/IIT - KGP/Acads/Semester 5/Power Electronics Lab/Readings + Graphs + Docs/CSI Graphs/Graphs', '/Users/arunpatro/My Drive/IIT - KGP/Acads/Semester 5/Power Electronics Lab/Readings + Graphs + Docs/CSI Graphs/Graphs')",1,/Users/arunpatro/My Drive/IIT - KGP/Acads/Semester 5/Power Electronics Lab/Readings + Graphs + Docs/CSI Graphs/Graphs,/Users/arunpatro/My Drive/IIT - KGP/Acads/Semester 5/Power Electronics Lab/Readings + Graphs + Docs/CSI Graphs/Graphs
"('/Users/arunpatro/My Drive/IIT - KGP/Acads/MTP/master thesis/figures', '/Users/arunpatro/My Drive/IIT - KGP/Acads/MTP/master thesis/imgs')",1,/Users/arunpatro/My Drive/IIT - KGP/Acads/MTP/master thesis/figures,/Users/arunpatro/My Drive/IIT - KGP/Acads/MTP/master thesis/imgs
"('/Users/arunpatro/My Drive/IIT - KGP/Acads/Semester 5/Power Electronics Lab/Lab Record/Readings + Graphs + Docs/5 PWM Non-PWM Inverter', '/Users/arunpatro/My Drive/IIT - KGP/Acads/Semester 5/Power Electronics Lab/Lab Record/Readings + Graphs + Docs/5 PWM Non-PWM Inverter')",1,/Users/arunpatro/My Drive/IIT - KGP/Acads/Semester 5/Power Electronics Lab/Lab Record/Readings + Graphs + Docs/5 PWM Non-PWM Inverter,/Users/arunpatro/My Drive/IIT - KGP/Acads/Semester 5/Power Electronics Lab/Lab Record/Readings + Graphs + Docs/5 PWM Non-PWM Inverter
"('/Users/arunpatro/My Drive/IIT - KGP/Acads/Semester 5/Power Electronics Lab/Readings + Graphs + Docs/5 PWM Non-PWM Inverter', '/Users/arunpatro/My Drive/IIT - KGP/Acads/Semester 5/Power Electronics Lab/Readings + Graphs + Docs/5 PWM Non-PWM Inverter')",1,/Users/arunpatro/My Drive/IIT - KGP/Acads/Semester 5/Power Electronics Lab/Readings + Graphs + Docs/5 PWM Non-PWM Inverter,/Users/arunpatro/My Drive/IIT - KGP/Acads/Semester 5/Power Electronics Lab/Readings + Graphs + Docs/5 PWM Non-PWM Inverter
"('/Users/arunpatro/My Drive/IIT - KGP/Acads/Semester 5/Power Electronics Lab/NED mohan_PE/PSpice-based Examples/PE_PSpice_Files', '/Users/arunpatro/My Drive/IIT - KGP/Acads/Semester 5/Power Electronics Lab/NED mohan_PE/PSpice-based Examples/PE_PSpice_Files')",253,/Users/arunpatro/My Drive/IIT - KGP/Acads/Semester 5/Power Electronics Lab/NED mohan_PE/PSpice-based Examples/PE_PSpice_Files,/Users/arunpatro/My Drive/IIT - KGP/Acads/Semester 5/Power Electronics Lab/NED mohan_PE/PSpice-based Examples/PE_PSpice_Files
"('/Users/arunpatro/My Drive/IIT - KGP/Acads/Semester 5/Power Electronics Lab/Readings + Graphs + Docs/3 PE Components/Traces/4', '/Users/arunpatro/My Drive/IIT - KGP/Acads/Semester 5/Power Electronics Lab/Readings + Graphs + Docs/3 PE Components/Traces/4')",21,/Users/arunpatro/My Drive/IIT - KGP/Acads/Semester 5/Power Electronics Lab/Readings + Graphs + Docs/3 PE Components/Traces/4,/Users/arunpatro/My Drive/IIT - KGP/Acads/Semester 5/Power Electronics Lab/Readings + Graphs + Docs/3 PE Components/Traces/4
"('/Users/arunpatro/My Drive/IIT - KGP/Acads/Semester 5/Power Electronics Lab/Lab Record/Readings + Graphs + Docs/9 Flyback Converter', '/Users/arunpatro/My Drive/IIT - KGP/Acads/Semester 5/Power Electronics Lab/Readings + Graphs + Docs/9 Flyback Converter')",2,/Users/arunpatro/My Drive/IIT - KGP/Acads/Semester 5/Power Electronics Lab/Lab Record/Readings + Graphs + Docs/9 Flyback Converter,/Users/arunpatro/My Drive/IIT - KGP/Acads/Semester 5/Power Electronics Lab/Readings + Graphs + Docs/9 Flyback Converter
"('/Users/arunpatro/My Drive/Certificates', '/Users/arunpatro/My Drive/Certificates')",1,/Users/arunpatro/My Drive/Certificates,/Users/arunpatro/My Drive/Certificates
"('/Users/arunpatro/My Drive/Books/Power EC', '/Users/arunpatro/My Drive/Books/Power EC')",1,/Users/arunpatro/My Drive/Books/Power EC,/Users/arunpatro/My Drive/Books/Power EC
"('/Users/arunpatro/My Drive/ARCHIVE/Undergraduate University Applications', '/Users/arunpatro/My Drive/ARCHIVE/Undergraduate University Applications')",1,/Users/arunpatro/My Drive/ARCHIVE/Undergraduate University Applications,/Users/arunpatro/My Drive/ARCHIVE/Undergraduate University Applications
"('/Users/arunpatro/My Drive/IIT - KGP/IIT Requirements', '/Users/arunpatro/My Drive/IIT - KGP/IIT Requirements/IIT Medicine')",1,/Users/arunpatro/My Drive/IIT - KGP/IIT Requirements,/Users/arunpatro/My Drive/IIT - KGP/IIT Requirements/IIT Medicine
"('/Users/arunpatro/My Drive/IIT - KGP/Acads/Semester 5/Controls', '/Users/arunpatro/My Drive/IIT - KGP/Acads/Semester 5/Controls')",1,/Users/arunpatro/My Drive/IIT - KGP/Acads/Semester 5/Controls,/Users/arunpatro/My Drive/IIT - KGP/Acads/Semester 5/Controls
